experiment,final_reward,best_reward,final_win_rate,best_win_rate,reward_auc,win_rate_auc,eval_points,last_logged_step,status
PPO,-0.035000,0.817500,0.000000,0.375000,482.560000,224.000000,9,2048,complete
Independent (h=3),-0.655000,-0.655000,0.000000,0.000000,-1656.320000,0.000000,8,2048,complete
Shared (h=1),-0.085000,0.020000,0.000000,1.000000,-81.920000,512.000000,8,2048,complete
Shared (h=3),-1.000000,0.025000,0.000000,1.000000,-1032.640000,736.000000,9,2048,complete
Shared (h=5),0.000000,0.015000,0.000000,0.000000,-66.560000,0.000000,8,2048,complete
Opponent-Aware (h=3),-0.682500,-0.682500,0.000000,0.000000,-1691.840000,0.000000,8,2048,complete
Team (h=3),0.000000,0.017500,0.000000,0.000000,11.840000,0.000000,8,2048,complete
